,Query,Results,Page Domain,Rank,In Master List
0,are immigrants more likely to be on welfare,https://cis.org/Report/Welfare-Use-Immigrant-and-Native-Households,cis.org,1,Yes
1,are immigrants more likely to be on welfare,https://cis.org/Report/Cost-Welfare-Use-Immigrant-and-Native-Households,cis.org,2,Yes
2,are immigrants more likely to be on welfare,https://www.vox.com/policy-and-politics/2017/8/4/16094684/trump-immigrants-welfare,vox.com,3,No
3,are immigrants more likely to be on welfare,https://www.usatoday.com/story/news/nation/2015/09/01/immigrant-welfare-use-report/71517072/,usatoday.com,4,No
4,are immigrants more likely to be on welfare,https://fairus.org/issue/workforce-and-economy/immigration-and-welfare,fairus.org,5,Yes
5,are immigrants more likely to be on welfare,https://newrepublic.com/article/122714/immigrants-dont-drain-welfare-they-fund-it,newrepublic.com,6,No
6,are immigrants more likely to be on welfare,https://www.cato.org/blog/cis-exaggerates-cost-immigrant-welfare-use,cato.org,7,No
7,are immigrants more likely to be on welfare,http://www.nationalreview.com/corner/444543/immigration-welfare-media-misleads-washington-post,nationalreview.com,8,No
8,are immigrants more likely to be on welfare,https://www.washingtonpost.com/world/national-security/trump-administration-circulates-more-draft-immigration-restrictions-focusing-on-protecting-us-jobs/2017/01/31/38529236-e741-11e6-80c2-30e57e57e05d_story.html,washingtonpost.com,9,No
9,are immigrants more likely to be on welfare,https://www.brookings.edu/research/welfare-benefits-for-non-citizens/,brookings.edu,10,No
10,are immigrants more likely to be on welfare,https://www.csmonitor.com/USA/Society/2016/0509/Do-immigrants-receive-more-welfare-money-than-natural-born-US-citizens,csmonitor.com,11,No
11,are immigrants more likely to be on welfare,https://www.irp.wisc.edu/publications/focus/pdfs/foc83b.pdf,wisc.edu,12,No
12,are immigrants more likely to be on welfare,https://www.urban.org/sites/default/files/publication/70281/410345-Summary-of-Facts-About-Immigrants-Use-of-Welfare.pdf,urban.org,13,No
13,are immigrants more likely to be on welfare,https://www.urban.org/publications/305184.html,urban.org,14,No
14,are immigrants more likely to be on welfare,http://www.journalnow.com/news/nation_world/trump-considering-order-that-would-target-immigrants-on-welfare-or/article_37c483d2-e751-11e6-815c-fbdda288a07a.html,journalnow.com,15,No
15,are immigrants more likely to be on welfare,https://www.snopes.com/trump-undocumented-immigrants-welfare/,snopes.com,16,No
16,are immigrants more likely to be on welfare,https://sites.hks.harvard.edu/fs/gborjas/publications/popular/NR061697.htm,harvard.edu,17,No
17,are immigrants more likely to be on welfare,https://www.theatlantic.com/business/archive/2017/02/trump-immigrants/515310/,theatlantic.com,18,No
18,are immigrants more likely to be on welfare,https://www.ncbi.nlm.nih.gov/pmc/articles/PMC3193987/,nih.gov,19,No
19,are immigrants more likely to be on welfare,http://www.independent.co.uk/news/world/americas/donald-trump-executive-order-deportation-immigrants-welfare-a7557476.html,independent.co.uk,20,No
0,are immigrants allowed to vote,https://en.wikipedia.org/wiki/Right_of_foreigners_to_vote_in_the_United_States,wikipedia.org,1,No
1,are immigrants allowed to vote,http://www.newsweek.com/immigrants-are-getting-right-vote-cities-across-america-664467,newsweek.com,2,No
2,are immigrants allowed to vote,http://www.politifact.com/florida/statements/2017/sep/15/adam-putnam/san-francisco-takoma-park-noncitizens-elections/,politifact.com,3,No
3,are immigrants allowed to vote,https://www.thoughtco.com/can-i-vote-1951751,thoughtco.com,4,No
4,are immigrants allowed to vote,https://fairus.org/issue/societal-impact/noncitizens-voting-violations-and-us-elections,fairus.org,5,Yes
5,are immigrants allowed to vote,http://www.foxnews.com/us/2017/09/13/illegal-immigrants-get-ok-to-vote-in-maryland-citys-elections.html,foxnews.com,6,No
6,are immigrants allowed to vote,http://www.foxnews.com/politics/2017/09/16/maryland-city-rescinds-vote-that-allowed-illegal-immigrants-to-ballot-in-local-elections.html,foxnews.com,7,No
7,are immigrants allowed to vote,http://time.com/4859478/immigrant-voters-history/,time.com,8,No
8,are immigrants allowed to vote,http://time.com/4669899/illegal-citizens-voting-trump/,time.com,9,No
9,are immigrants allowed to vote,https://www.washingtontimes.com/news/2016/apr/4/supreme-court-illegals-count-apportionment/,washingtontimes.com,10,No
10,are immigrants allowed to vote,https://thinkprogress.org/college-park-md-local-elections-ffc7accd7ab0/,thinkprogress.org,11,No
11,are immigrants allowed to vote,http://immigration.findlaw.com/visas/immigrants-your-rights-as-a-permanent-resident.html,findlaw.com,12,No
12,are immigrants allowed to vote,http://joshblackman.com/blog/2013/05/09/does-the-u-s-constitution-allow-non-citizens-to-vote/,joshblackman.com,13,No
13,are immigrants allowed to vote,https://www.snopes.com/illegal-immigrants-2008-election/,snopes.com,14,No
14,are immigrants allowed to vote,http://www.latimes.com/opinion/editorials/la-ed-citizenship-voting-20141221-story.html,latimes.com,15,No
15,are immigrants allowed to vote,http://www.baltimoresun.com/news/maryland/politics/blog/bs-md-immigrant-voting-20170805-story.html,baltimoresun.com,16,No
16,are immigrants allowed to vote,https://www.thedailybeast.com/maryland-town-may-let-undocumented-immigrants-vote,thedailybeast.com,17,No
17,are immigrants allowed to vote,http://www.washingtonexaminer.com/college-park-maryland-wont-allow-non-citizens-to-vote-in-local-elections-after-all/article/2634648,washingtonexaminer.com,18,No
18,are immigrants allowed to vote,http://www.telegraph.co.uk/news/0/eligible-vote-uk-general-election/,telegraph.co.uk,19,No
19,are immigrants allowed to vote,http://www.fox5dc.com/news/local-news/not-so-fast-non-us-citizens-in-college-park-will-not-be-allowed-to-vote-after-all,fox5dc.com,20,No
0,cost of illegal immigration,https://fairus.org/issue/publications-resources/fiscal-burden-illegal-immigration-united-states-taxpayers,fairus.org,1,Yes
1,cost of illegal immigration,http://www.washingtonexaminer.com/record-135-billion-a-year-for-illegal-immigration-average-8075-each-25000-in-ny/article/2635757,washingtonexaminer.com,2,No
2,cost of illegal immigration,http://thehill.com/blogs/congress-blog/homeland-security/352869-the-cost-of-illegal-immigration-to-taxpayers-is-growing,thehill.com,3,No
3,cost of illegal immigration,https://www.washingtontimes.com/news/2017/aug/3/illegal-immigrants-cost-taxpayers-750-billion-over/,washingtontimes.com,4,No
4,cost of illegal immigration,http://www.politifact.com/truth-o-meter/statements/2016/sep/01/donald-trump/donald-trump-says-illegal-immigration-costs-113-bi/,politifact.com,5,No
5,cost of illegal immigration,http://www.heritage.org/immigration/report/the-fiscal-cost-unlawful-immigrants-and-amnesty-the-us-taxpayer,heritage.org,6,No
6,cost of illegal immigration,https://cis.org/Report/Deportation-vs-Cost-Letting-Illegal-Immigrants-Stay,cis.org,7,Yes
7,cost of illegal immigration,https://en.wikipedia.org/wiki/Economic_impact_of_illegal_immigrants_in_the_United_States,wikipedia.org,8,No
8,cost of illegal immigration,http://www.theblaze.com/news/2017/09/27/the-cost-of-illegal-immigration-is-at-a-record-high-here-are-the-numbers-you-need-to-know/,theblaze.com,9,No
9,cost of illegal immigration,https://www.us-immigration.com/blog/the-cost-of-illegal-immigration,us-immigration.com,10,No
10,cost of illegal immigration,http://dailycaller.com/2017/09/28/the-total-fiscal-cost-of-illegal-immigration-is-a-staggering-135-billion-report-says/,dailycaller.com,11,No
11,cost of illegal immigration,https://www.usatoday.com/story/opinion/readers/2017/05/06/what-cost-illegal-immigration/101331370/,usatoday.com,12,No
12,cost of illegal immigration,http://www.factcheck.org/2009/04/cost-of-illegal-immigrants/,factcheck.org,13,No
13,cost of illegal immigration,https://www.judicialwatch.org/blog/2017/09/illegal-immigration-costs-u-s-taxpayers-stunning-134-9-billion-year/,judicialwatch.org,14,No
14,cost of illegal immigration,http://www.foxnews.com/politics/2017/09/27/illegal-immigration-costing-record-135-billion-year-study-shows.html,foxnews.com,15,No
15,cost of illegal immigration,http://www.gao.gov/products/HEHS-95-133,gao.gov,16,No
16,cost of illegal immigration,https://www.investors.com/politics/editorials/sorry-but-illegal-aliens-cost-the-u-s-plenty/,investors.com,17,No
17,cost of illegal immigration,http://abcnews.go.com/Business/illegal-immigrants-cost-us-100-billion-year-group/story?id=10699317,go.com,18,No
18,cost of illegal immigration,https://www.hoover.org/research/civic-cost-illegal-immigration,hoover.org,19,No
19,cost of illegal immigration,http://www.dailymail.co.uk/news/article-4926564/Illegal-immigration-costs-taxpayers-135BILLION-year.html,dailymail.co.uk,20,No
0,map of sanctuary cities,https://cis.org/Map-Sanctuary-Cities-Counties-and-States,cis.org,1,Yes
1,map of sanctuary cities,https://cis.org/sites/cis.org/files/Sanctuary-Cities-Map-Full-Screen.html,cis.org,2,Yes
2,map of sanctuary cities,http://www.newsweek.com/here-sanctuary-cities-2017-map-sessions-threatened-funding-574861,newsweek.com,3,No
3,map of sanctuary cities,http://nation.foxnews.com/2016/08/31/map-reveals-over-300-sanctuary-cities-keeping-17000-criminal-illegals-deportation,foxnews.com,4,No
4,map of sanctuary cities,http://www.ojjpac.org/sanctuary-cities-map.asp,ojjpac.org,5,No
5,map of sanctuary cities,http://www.ibtimes.com/sanctuary-cities-2017-map-list-places-protecting-undocumented-immigrants-2481203,ibtimes.com,6,No
6,map of sanctuary cities,https://www.ilrc.org/local-enforcement-map,ilrc.org,7,No
7,map of sanctuary cities,https://www.citylab.com/equity/2016/11/mapping-trumps-coming-war-on-sanctuary-cities/507785/,citylab.com,8,No
8,map of sanctuary cities,https://www.nytimes.com/interactive/2016/09/02/us/sanctuary-cities.html,nytimes.com,9,No
9,map of sanctuary cities,http://www.washingtonexaminer.com/map-over-200-sanctuary-cities-in-32-states-and-dc/article/2567880,washingtonexaminer.com,10,No
10,map of sanctuary cities,https://www.linktank.com/publication/map-sanctuary-cities-counties-and-states,linktank.com,11,No
11,map of sanctuary cities,https://www.pinterest.com/pin/130111876714222454/,pinterest.com,12,No
12,map of sanctuary cities,https://commons.wikimedia.org/wiki/File:Map_of_Sanctuary_Cities_and_Counties_in_the_United_States.svg,wikimedia.org,13,No
13,map of sanctuary cities,https://www.curbed.com/2017/1/25/14383708/trump-sanctuary-cities-executive-order,curbed.com,14,No
14,map of sanctuary cities,https://www.pri.org/interactive/2017/03/mapping-sanctuary/,pri.org,15,No
15,map of sanctuary cities,http://nj1015.com/where-are-new-jerseys-sanctuary-cities-map/,nj1015.com,16,No
16,map of sanctuary cities,http://ijr.com/2015/07/364099-tragic-murder-kate-steinle-americans-rethinking-sanctuary-cities-across-country/,ijr.com,17,No
17,map of sanctuary cities,https://www.metro.us/news/what-is-a-sanctuary-city-and-how-to-find-out-if-you-live-in-one/zsJpko---UmTn9BO45s1Fw,metro.us,18,No
18,map of sanctuary cities,https://www.numbersusa.com/content/learn/national-security/sanctuary-laws.html,numbersusa.com,19,No
0,percentage of immigrants on welfare,https://cis.org/Report/Welfare-Use-Immigrant-and-Native-Households,cis.org,1,Yes
1,percentage of immigrants on welfare,https://newrepublic.com/article/122714/immigrants-dont-drain-welfare-they-fund-it,newrepublic.com,2,No
2,percentage of immigrants on welfare,https://www.usatoday.com/story/news/nation/2015/09/01/immigrant-welfare-use-report/71517072/,usatoday.com,3,No
3,percentage of immigrants on welfare,http://www.nationalreview.com/corner/444543/immigration-welfare-media-misleads-washington-post,nationalreview.com,4,No
4,percentage of immigrants on welfare,http://econofact.org/do-undocumented-immigrants-overuse-government-benefits,econofact.org,5,No
5,percentage of immigrants on welfare,http://www.politifact.com/texas/statements/2016/sep/28/tom-delay/tom-delay-says-most-illegal-immigrants-draw-welfar/,politifact.com,6,No
6,percentage of immigrants on welfare,https://www.csmonitor.com/USA/Society/2016/0509/Do-immigrants-receive-more-welfare-money-than-natural-born-US-citizens,csmonitor.com,7,No
7,percentage of immigrants on welfare,https://www.washingtonpost.com/news/fact-checker/wp/2017/08/04/president-trumps-claim-about-immigrants-immediately-collecting-welfare/,washingtonpost.com,8,No
8,percentage of immigrants on welfare,https://fairus.org/issue/workforce-and-economy/immigration-and-welfare,fairus.org,9,Yes
9,percentage of immigrants on welfare,https://www.migrationpolicy.org/article/immigrants-and-welfare-use,migrationpolicy.org,10,No
10,percentage of immigrants on welfare,https://www.cato.org/blog/cis-exaggerates-cost-immigrant-welfare-use,cato.org,11,No
11,percentage of immigrants on welfare,https://www.cato.org/publications/economic-development-bulletin/poor-immigrants-use-public-benefits-lower-rate-poor,cato.org,12,No
12,percentage of immigrants on welfare,http://www.washingtonexaminer.com/cashing-in-illegal-immigrants-get-1261-more-welfare-than-american-families-5692-vs-4431/article/2590744,washingtonexaminer.com,13,No
13,percentage of immigrants on welfare,http://www.washingtonexaminer.com/51-of-immigrant-households-on-welfare-30-native-americans/article/2571257,washingtonexaminer.com,14,No
14,percentage of immigrants on welfare,http://www.breitbart.com/big-government/2015/09/09/legal-immigrant-households-account-for-75-percent-of-immigrant-welfare-use/,breitbart.com,15,No
15,percentage of immigrants on welfare,https://www.brookings.edu/research/welfare-benefits-for-non-citizens/,brookings.edu,16,No
16,percentage of immigrants on welfare,https://www.huffingtonpost.com/entry/trump-immigration-welfare_us_58938368e4b06f344e409174,huffingtonpost.com,17,No
17,percentage of immigrants on welfare,https://www.quora.com/In-the-US-what-percentage-of-legal-immigrants-are-on-welfare,quora.com,18,No
18,percentage of immigrants on welfare,https://www.theepochtimes.com/harvard-economist-42-percent-of-immigrant-households-on-public-assistance_2220786.html,theepochtimes.com,19,No
19,percentage of immigrants on welfare,https://www.ncbi.nlm.nih.gov/pmc/articles/PMC3193987/,nih.gov,20,No
0,how do illegal immigrants get welfare,http://www.politifact.com/texas/statements/2016/sep/28/tom-delay/tom-delay-says-most-illegal-immigrants-draw-welfar/,politifact.com,1,No
1,how do illegal immigrants get welfare,http://econofact.org/do-undocumented-immigrants-overuse-government-benefits,econofact.org,2,No
2,how do illegal immigrants get welfare,http://www.washingtonexaminer.com/cashing-in-illegal-immigrants-get-1261-more-welfare-than-american-families-5692-vs-4431/article/2590744,washingtonexaminer.com,3,No
3,how do illegal immigrants get welfare,https://cis.org/Welfare-Use-Immigrant-Households-Children,cis.org,4,Yes
4,how do illegal immigrants get welfare,https://www.snopes.com/trump-undocumented-immigrants-welfare/,snopes.com,5,No
5,how do illegal immigrants get welfare,https://www.nysenate.gov/newsroom/articles/james-l-seward/what-benefits-can-illegal-aliens-receive,nysenate.gov,6,No
6,how do illegal immigrants get welfare,http://www.nationalreview.com/corner/444543/immigration-welfare-media-misleads-washington-post,nationalreview.com,7,No
7,how do illegal immigrants get welfare,http://www.pennlive.com/news/2017/03/can_undocumented_immigrants_qu.html,pennlive.com,8,No
8,how do illegal immigrants get welfare,http://money.cnn.com/2014/11/20/news/economy/immigration-myths/index.html,cnn.com,9,No
9,how do illegal immigrants get welfare,https://fairus.org/issue/workforce-and-economy/immigration-and-welfare,fairus.org,10,Yes
10,how do illegal immigrants get welfare,https://www.washingtonpost.com/news/fact-checker/wp/2017/08/04/president-trumps-claim-about-immigrants-immediately-collecting-welfare/,washingtonpost.com,11,No
11,how do illegal immigrants get welfare,https://www.tolerance.org/classroom-resources/tolerance-lessons/immigration-myths,tolerance.org,12,No
12,how do illegal immigrants get welfare,https://www.brookings.edu/research/welfare-benefits-for-non-citizens/,brookings.edu,13,No
13,how do illegal immigrants get welfare,http://www.gao.gov/products/HEHS-98-30,gao.gov,14,No
14,how do illegal immigrants get welfare,http://www.foxnews.com/politics/2017/08/03/la-made-1-3b-in-illegal-immigrant-welfare-payouts-in-just-2-years.html,foxnews.com,15,No
15,how do illegal immigrants get welfare,http://thelawdictionary.org/article/why-is-it-that-illegal-aliens-get-free-food-stamps-health-insurance-and-pay-no-taxes/,thelawdictionary.org,16,No
16,how do illegal immigrants get welfare,http://www.factcheck.org/2016/09/trump-still-off-on-immigration/,factcheck.org,17,No
17,how do illegal immigrants get welfare,https://www1.nyc.gov/site/hra/about/immigration-faqs.page,nyc.gov,18,No
18,how do illegal immigrants get welfare,https://rationalwiki.org/wiki/Myths_and_facts_about_immigration_to_the_United_States,rationalwiki.org,19,No
0,number of deportations by year,https://cis.org/ICE-deportations-hit-10-yr-low,cis.org,1,Yes
1,number of deportations by year,https://www.migrationpolicy.org/article/obama-record-deportations-deporter-chief-or-not,migrationpolicy.org,2,No
2,number of deportations by year,https://www.ice.gov/removal-statistics/2016,ice.gov,3,No
3,number of deportations by year,https://www.snopes.com/obama-deported-more-people/,snopes.com,4,No
4,number of deportations by year,http://www.pewresearch.org/fact-tank/2017/05/03/key-findings-about-u-s-immigrants/,pewresearch.org,5,No
5,number of deportations by year,http://www.pewresearch.org/fact-tank/2016/12/16/u-s-immigrant-deportations-fall-to-lowest-level-since-2007/,pewresearch.org,6,No
6,number of deportations by year,http://www.pewresearch.org/fact-tank/2016/08/31/u-s-immigrant-deportations-declined-in-2014-but-remain-near-record-high/,pewresearch.org,7,No
7,number of deportations by year,http://www.miamiherald.com/news/local/immigration/article122715474.html,miamiherald.com,8,No
8,number of deportations by year,https://www.washingtonpost.com/news/monkey-cage/wp/2017/05/03/this-is-how-trumps-deportations-differ-from-obamas/,washingtonpost.com,9,No
9,number of deportations by year,http://www.politifact.com/truth-o-meter/statements/2016/oct/21/donald-trump/trump-right-deportation-numbers-wrong-talks-about-/,politifact.com,10,No
10,number of deportations by year,http://www.cnn.com/2017/04/28/politics/trump-deportations-slow/index.html,cnn.com,11,No
11,number of deportations by year,http://abcnews.go.com/Politics/obamas-deportation-policy-numbers/story?id=41715661,go.com,12,No
12,number of deportations by year,http://www.newsweek.com/illegal-immigration-undocumented-migrants-obama-trump-585726,newsweek.com,13,No
13,number of deportations by year,https://www.theatlantic.com/news/archive/2017/05/under-trump-immigrants-arrests-are-up-but-deportation-is-down/527103/,theatlantic.com,14,No
14,number of deportations by year,http://www.breitbart.com/texas/2017/01/12/deportations-hit-10-year-low-obama-prepares-exit/,breitbart.com,15,No
15,number of deportations by year,https://en.wikipedia.org/wiki/Deportation_and_removal_from_the_United_States,wikipedia.org,16,No
16,number of deportations by year,https://www.washingtontimes.com/news/2017/aug/8/donald-trumps-illegal-immigration-numbers-show-maj/,washingtontimes.com,17,No
17,number of deportations by year,https://www.politico.com/story/2017/08/08/trump-deportations-behind-obama-levels-241420,politico.com,18,No
18,number of deportations by year,https://www.huffingtonpost.com/entry/hard-truths-about-obamas-deportation-priorities_us_58b3c9e7e4b0658fc20f979e,huffingtonpost.com,19,No
0,history of us immigration policy,https://cis.org/Historical-Overview-Immigration-Policy,cis.org,1,Yes
1,history of us immigration policy,https://cis.org/Historical-Overview-Immigration-Policy,cis.org,2,Yes
2,history of us immigration policy,https://fairus.org/legislation/reports-and-analysis/history-of-us-immigration-laws,fairus.org,3,Yes
3,history of us immigration policy,https://en.wikipedia.org/wiki/History_of_laws_concerning_immigration_and_naturalization_in_the_United_States,wikipedia.org,4,No
4,history of us immigration policy,https://www.uscis.gov/history-and-genealogy/our-history/agency-history/early-american-immigration-policies,uscis.gov,5,No
5,history of us immigration policy,http://www.pewresearch.org/fact-tank/2015/09/30/how-u-s-immigration-laws-and-rules-have-changed-through-history/,pewresearch.org,6,No
6,history of us immigration policy,http://abcnews.go.com/ABC_Univision/News/23-defining-moments-immigration-policy-history/story?id=17810440,go.com,7,No
7,history of us immigration policy,https://www.americanimmigrationcouncil.org/research/opportunity-and-exclusion-brief-history-us-immigration-policy,americanimmigrationcouncil.org,8,No
8,history of us immigration policy,https://www.theatlantic.com/politics/archive/2017/02/donald-trump-immigration/517119/,theatlantic.com,9,No
9,history of us immigration policy,http://www.history.com/topics/us-immigration-since-1965,history.com,10,Yes
10,history of us immigration policy,https://www.migrationpolicy.org/research/timeline-1790,migrationpolicy.org,11,No
11,history of us immigration policy,https://www.migrationpolicy.org/research/timeline-1790,migrationpolicy.org,12,No
12,history of us immigration policy,https://www.migrationpolicy.org/article/rethinking-last-200-years-us-immigration-policy,migrationpolicy.org,13,No
13,history of us immigration policy,https://networklobby.org/historyimmigration/,networklobby.org,14,No
14,history of us immigration policy,https://www.infoplease.com/us/immigration-legislation,infoplease.com,15,No
15,history of us immigration policy,https://blog.findmypast.com/how-early-us-immigration-law-changed-america-1884855124.html,findmypast.com,16,No
16,history of us immigration policy,http://www.pbs.org/independentlens/newamericans/foreducators_lesson_plan_03.html,pbs.org,17,No
17,history of us immigration policy,http://www.cairco.org/issues/brief-history-us-immigration-policy-and-laws,cairco.org,18,Yes
18,history of us immigration policy,https://lawstreetmedia.com/issues/law-and-politics/ban-history-us-immigration-policy/,lawstreetmedia.com,19,No
0,can illegal aliens get welfare,http://www.politifact.com/texas/statements/2016/sep/28/tom-delay/tom-delay-says-most-illegal-immigrants-draw-welfar/,politifact.com,1,No
1,can illegal aliens get welfare,http://econofact.org/do-undocumented-immigrants-overuse-government-benefits,econofact.org,2,No
2,can illegal aliens get welfare,http://money.cnn.com/2014/11/20/news/economy/immigration-myths/index.html,cnn.com,3,No
3,can illegal aliens get welfare,https://www.snopes.com/trump-undocumented-immigrants-welfare/,snopes.com,4,No
4,can illegal aliens get welfare,https://www.nysenate.gov/newsroom/articles/james-l-seward/what-benefits-can-illegal-aliens-receive,nysenate.gov,5,No
5,can illegal aliens get welfare,http://www.nationalreview.com/corner/444543/immigration-welfare-media-misleads-washington-post,nationalreview.com,6,No
6,can illegal aliens get welfare,https://cis.org/Welfare-Use-Immigrant-Households-Children,cis.org,7,Yes
7,can illegal aliens get welfare,http://www.pennlive.com/news/2017/03/can_undocumented_immigrants_qu.html,pennlive.com,8,No
8,can illegal aliens get welfare,https://fairus.org/issue/workforce-and-economy/immigration-and-welfare,fairus.org,9,Yes
9,can illegal aliens get welfare,https://www.brookings.edu/research/welfare-benefits-for-non-citizens/,brookings.edu,10,No
10,can illegal aliens get welfare,https://www.washingtonpost.com/news/fact-checker/wp/2017/08/04/president-trumps-claim-about-immigrants-immediately-collecting-welfare/,washingtonpost.com,11,No
11,can illegal aliens get welfare,http://www.washingtonexaminer.com/cashing-in-illegal-immigrants-get-1261-more-welfare-than-american-families-5692-vs-4431/article/2590744,washingtonexaminer.com,12,No
12,can illegal aliens get welfare,http://www.gao.gov/products/HEHS-98-30,gao.gov,13,No
13,can illegal aliens get welfare,https://www.tolerance.org/classroom-resources/tolerance-lessons/immigration-myths,tolerance.org,14,No
14,can illegal aliens get welfare,https://www1.nyc.gov/site/hra/about/immigration-faqs.page,nyc.gov,15,No
15,can illegal aliens get welfare,http://www.foxnews.com/politics/2017/08/03/la-made-1-3b-in-illegal-immigrant-welfare-payouts-in-just-2-years.html,foxnews.com,16,No
16,can illegal aliens get welfare,http://thelawdictionary.org/article/why-is-it-that-illegal-aliens-get-free-food-stamps-health-insurance-and-pay-no-taxes/,thelawdictionary.org,17,No
17,can illegal aliens get welfare,https://www.nilc.org/issues/economic-support/overview-immeligfedprograms/,nilc.org,18,No
18,can illegal aliens get welfare,https://www.nbcnews.com/news/latino/opinion-trump-s-immigrant-welfare-restrictions-they-ve-been-around-n790466,nbcnews.com,19,No
0,us citizens losing jobs to immigrants,https://www.nytimes.com/2016/09/22/us/immigrants-arent-taking-americans-jobs-new-study-finds.html,nytimes.com,1,No
1,us citizens losing jobs to immigrants,https://www.brookings.edu/blog/brookings-now/2017/08/24/do-immigrants-steal-jobs-from-american-workers/,brookings.edu,2,No
2,us citizens losing jobs to immigrants,https://www.politico.com/magazine/story/2016/09/trump-clinton-immigration-economy-unemployment-jobs-214216,politico.com,3,No
3,us citizens losing jobs to immigrants,https://immigration.procon.org/view.answers.php?questionID=000852,procon.org,4,No
4,us citizens losing jobs to immigrants,https://cis.org/Immigrant-Gains-and-Native-Losses-Job-Market-2000-2013,cis.org,5,Yes
5,us citizens losing jobs to immigrants,http://www.washingtonexaminer.com/report-immigrant-take-jobs-hours-of-low-skill-americans/article/2601018,washingtonexaminer.com,6,No
6,us citizens losing jobs to immigrants,https://www.npr.org/2017/09/06/548882071/fact-check-are-daca-recipients-stealing-jobs-away-from-other-americans,npr.org,7,No
7,us citizens losing jobs to immigrants,https://www.theatlantic.com/business/archive/2015/01/does-immigration-harm-working-americans/384060/,theatlantic.com,8,No
8,us citizens losing jobs to immigrants,https://www.huffingtonpost.com/judy-frankel/insourcing-american-lose-_b_11173074.html,huffingtonpost.com,9,No
9,us citizens losing jobs to immigrants,http://www.latimes.com/projects/la-fi-farms-immigration/,latimes.com,10,No
10,us citizens losing jobs to immigrants,http://www.latimes.com/projects/la-fi-farms-immigration/,latimes.com,11,No
11,us citizens losing jobs to immigrants,http://www.latimes.com/opinion/topoftheticket/la-na-tt-robots-jobs-20170330-story.html,latimes.com,12,No
12,us citizens losing jobs to immigrants,https://www.theatlantic.com/politics/archive/2015/10/immigrants-arent-stealing-american-jobs/433158/,theatlantic.com,13,No
13,us citizens losing jobs to immigrants,http://integritylawgroup.net/americans-losing-jobs-foreigners,integritylawgroup.net,14,No
14,us citizens losing jobs to immigrants,https://www.washingtonpost.com/news/monkey-cage/wp/2017/03/22/why-trumps-potential-restrictions-on-highly-skilled-immigration-could-shift-jobs-overseas/,washingtonpost.com,15,No
15,us citizens losing jobs to immigrants,http://www.sciencemag.org/careers/2016/03/displaced-american-stem-workers-spur-senate-hearing,sciencemag.org,16,No
16,us citizens losing jobs to immigrants,http://www.factcheck.org/2010/05/does-immigration-cost-jobs/,factcheck.org,17,No
17,us citizens losing jobs to immigrants,http://billmoyers.com/story/immigrants-dont-steal-jobs-wages-billionaires/,billmoyers.com,18,No
18,us citizens losing jobs to immigrants,http://www.foxnews.com/us/2017/02/20/dozens-workers-lose-their-jobs-for-participating-in-day-without-immigrants-protest.html,foxnews.com,19,No
19,us citizens losing jobs to immigrants,http://time.com/4503313/immigration-wages-employment-economy-study/,time.com,20,No
0,is homosexuality a sin,https://www.allaboutgod.com/is-homosexuality-a-sin.htm,allaboutgod.com,1,No
1,is homosexuality a sin,http://www.livingout.org/the-bible-and-ssa,livingout.org,2,No
2,is homosexuality a sin,https://www.desiringgod.org/interviews/is-homosexuality-really-the-worst-sin,desiringgod.org,3,No
3,is homosexuality a sin,http://activechristianity.org/is-homosexuality-a-sin,activechristianity.org,4,No
4,is homosexuality a sin,https://www.focusonthefamily.com/about/focus-findings/sexuality/10-things-everyone-should-know-about-a-christian-view-of-homosexuality,focusonthefamily.com,5,No
5,is homosexuality a sin,https://www.catholic.com/tract/homosexuality,catholic.com,6,No
6,is homosexuality a sin,http://dignitycanada.org/sin.html,dignitycanada.org,7,No
7,is homosexuality a sin,https://www.huffingtonpost.com/adam-nicholas-phillips/the-bible-does-not-condemn-homosexuality_b_7807342.html,huffingtonpost.com,8,No
8,is homosexuality a sin,https://en.wikipedia.org/wiki/Christianity_and_homosexuality,wikipedia.org,9,No
9,is homosexuality a sin,http://www.rmnetwork.org/newrmn/wp-content/uploads/2016/09/Booklet-about-Homosexuality-and-the-Bible-Sept.-2016.pdf,rmnetwork.org,10,No
10,is homosexuality a sin,http://www.bibleinfo.com/en/topics/homosexuality,bibleinfo.com,11,No
11,is homosexuality a sin,http://www.lifeway.com/Article/Is-Homosexuality-Compatible-With-Christianity,lifeway.com,12,No
12,is homosexuality a sin,https://www.gotquestions.org/homosexuality-Bible.html,gotquestions.org,13,No
13,is homosexuality a sin,https://thinkprogress.org/what-happens-when-gay-people-are-told-that-homosexuality-is-a-sin-f2963a84d65b/,thinkprogress.org,14,No
14,is homosexuality a sin,https://www.biblestudytools.com/topical-verses/bible-verses-about-homosexuality/,biblestudytools.com,15,No
15,is homosexuality a sin,https://carm.org/bible-homosexuality,carm.org,16,No
16,is homosexuality a sin,https://www.hrc.org/resources/what-does-the-bible-say-about-homosexuality,hrc.org,17,No
17,is homosexuality a sin,https://medium.com/@lulzbane/homosexuality-is-not-a-sin-9ca8fcfaba2,medium.com,18,No
18,is homosexuality a sin,https://www.onfaith.co/onfaith/2015/12/17/5-things-evangelicals-get-wrong-about-homosexuality/38182,onfaith.co,19,No
19,is homosexuality a sin,https://www.rightnowmedia.org/Content/Post/185026,rightnowmedia.org,20,No
0,Allahu Akbar,https://en.wikipedia.org/wiki/Allahu_Akbar_(disambiguation),wikipedia.org,1,No
1,Allahu Akbar,https://www.urbandictionary.com/define.php?term=allahu%20akbar,urbandictionary.com,2,No
2,Allahu Akbar,http://knowyourmeme.com/memes/allahu-akbar,knowyourmeme.com,3,No
3,Allahu Akbar,https://www.thesun.co.uk/news/3901152/allahu-akbar-meaning-muslim-arabic-english-translation/,thesun.co.uk,4,No
4,Allahu Akbar,https://www.huffingtonpost.com/entry/heres-what-you-need-to-know-about-the-phrase-allahu-akbar_us_59f9e067e4b0d1cf6e91f995,huffingtonpost.com,5,No
5,Allahu Akbar,https://www.nytimes.com/2017/11/02/world/americas/allahu-akbar-terrorism.html,nytimes.com,6,No
6,Allahu Akbar,https://www.nytimes.com/2017/11/01/opinion/manhattan-truck-attack-akbar-terrorism.html,nytimes.com,7,No
7,Allahu Akbar,http://www.cnn.com/2017/11/01/opinions/allahu-akbar-meaning/index.html,cnn.com,8,No
8,Allahu Akbar,http://www.frontpagemag.com/fpm/268309/allahu-akbar-motive-islamic-terror-daniel-greenfield,frontpagemag.com,9,No
9,Allahu Akbar,http://www.npr.org/2017/11/04/562058173/taking-back-allahu-akbar,npr.org,10,No
10,Allahu Akbar,https://www.gatestoneinstitute.org/11326/allahu-akbar,gatestoneinstitute.org,11,No
11,Allahu Akbar,http://www.washingtonexaminer.com/the-debate-over-allahu-akbar-explained/article/2639499,washingtonexaminer.com,12,No
12,Allahu Akbar,https://www.pri.org/stories/2017-11-03/how-everyday-phrase-allahu-akbar-became-political-lightning-rod,pri.org,13,No
13,Allahu Akbar,https://en.wiktionary.org/wiki/Allahu_akbar,wiktionary.org,14,No
14,Allahu Akbar,http://www.nydailynews.com/opinion/extremists-distort-powerful-meaning-allahu-akbar-article-1.3611774,nydailynews.com,15,No
15,Allahu Akbar,http://metro.co.uk/2017/11/04/muslims-want-to-reclaim-allahu-akbar-from-extremists-7053581/,metro.co.uk,16,No
16,Allahu Akbar,https://splinternews.com/the-misunderstood-beauty-of-allahu-akbar-1820116428,splinternews.com,17,No
0,transgender bathroom,http://thehill.com/homenews/state-watch/356111-nc-governor-aclu-reach-settlement-on-transgender-bathroom-rule,thehill.com,1,No
1,transgender bathroom,https://www.reuters.com/article/us-texas-lgbt-idUSKBN1AB037,reuters.com,2,No
2,transgender bathroom,http://www.cnn.com/2017/08/03/health/trans-youth-texas-bathroom-bill/index.html,cnn.com,3,No
3,transgender bathroom,https://www.nytimes.com/2017/10/18/us/north-carolina-bathroom-bill.html,nytimes.com,4,No
4,transgender bathroom,https://www.lambdalegal.org/know-your-rights/article/trans-restroom-faq,lambdalegal.org,5,No
5,transgender bathroom,https://www.snopes.com/obama-transgender-bathrooms/,snopes.com,6,No
6,transgender bathroom,http://mashable.com/category/transgender-bathroom/,mashable.com,7,No
7,transgender bathroom,https://www.washingtonpost.com/news/post-nation/wp/2017/08/16/transgender-bathroom-bill-fails-again-in-texas-as-special-session-ends/,washingtonpost.com,8,No
8,transgender bathroom,http://www.foxnews.com/us/2017/10/19/transgender-wyoming-woman-convicted-sexually-assaulting-10-year-old-girl-in-bathroom.html,foxnews.com,9,No
9,transgender bathroom,http://time.com/3974186/transgender-bathroom-debate/,time.com,10,No
10,transgender bathroom,https://www.npr.org/2017/10/20/558568795/virginia-statehouse-race-pits-bathroom-bill-author-against-transgender-woman,npr.org,11,No
11,transgender bathroom,https://www.usatoday.com/story/news/nation/2016/04/28/transgender-bathroom-bills-discrimination/32594395/,usatoday.com,12,No
12,transgender bathroom,https://www.gq.com/story/virginia-danica-roem-defeats-bob-marshall,gq.com,13,No
13,transgender bathroom,https://www.pbs.org/newshour/tag/transgender-bathrooms,pbs.org,14,No
14,transgender bathroom,https://www.mrllp.com/blog-transgender-bathroom-laws-in-california-what-employers-lara-shortz,mrllp.com,15,No
15,transgender bathroom,http://www.mcall.com/news/police/mc-nws-boyertown-transgender-bathroom-appeal-20170925-story.html,mcall.com,16,No
16,transgender bathroom,http://reason.com/blog/2017/10/20/a-transgender-woman-assaulted-a-child-in,reason.com,17,No
17,transgender bathroom,https://www.thedailybeast.com/the-fight-against-the-anti-transgender-bathroom-bill-that-could-mess-with-texas,thedailybeast.com,18,No
18,transgender bathroom,http://scholarship.law.duke.edu/djglp/vol24/iss1/1/,duke.edu,19,No
0,are you born gay,https://borngay.procon.org/view.answers.php?questionID=001335,procon.org,1,No
1,are you born gay,https://borngay.procon.org/,procon.org,2,No
2,are you born gay,https://www.theguardian.com/science/blog/2015/jul/24/gay-genes-science-is-on-the-right-track-were-born-this-way-lets-deal-with-it,theguardian.com,3,No
3,are you born gay,http://www.bbc.com/future/story/20160627-i-am-gay-but-i-wasnt-born-this-way,bbc.com,4,No
4,are you born gay,http://www.pinknews.co.uk/2014/11/22/are-you-born-gay-or-is-it-a-choice-scientists-might-have-found-the-answer/,pinknews.co.uk,5,No
5,are you born gay,https://www.truelife.org/answers/can-a-person-be-born-gay-or-with-the-wrong-gender,truelife.org,6,No
6,are you born gay,https://www.usatoday.com/story/news/2017/06/16/born-way-many-lgbt-community-its-way-more-complex/395035001/,usatoday.com,7,No
7,are you born gay,https://en.wikipedia.org/wiki/Biology_and_sexual_orientation,wikipedia.org,8,No
8,are you born gay,https://www.lifesitenews.com/news/psychology-researcher-lesbian-blows-the-doors-off-born-gay-theory,lifesitenews.com,9,No
9,are you born gay,https://www.washingtontimes.com/news/2016/aug/24/born-gay-transgender-lacks-science-evidence/,washingtontimes.com,10,No
10,are you born gay,https://www.7cups.com/qa-lgbtq--17/are-you-gay-by-birth-or-is-it-something-you-develop-765/,7cups.com,11,No
11,are you born gay,https://socialinqueery.com/2013/03/18/no-one-is-born-gay-or-straight-here-are-5-reasons-why/,socialinqueery.com,12,No
12,are you born gay,http://www.christianitytoday.com/iyf/advice/goodadvice/are-people-born-gay.html,christianitytoday.com,13,No
13,are you born gay,https://www.gotquestions.org/born-gay.html,gotquestions.org,14,No
14,are you born gay,http://nymag.com/scienceofus/2016/09/with-sexual-orientation-were-not-quite-born-this-way.html,nymag.com,15,No
15,are you born gay,https://ebible.com/questions/1211-can-a-person-be-born-gay,ebible.com,16,No
16,are you born gay,https://www.scientificamerican.com/article/cross-cultural-evidence-for-the-genetics-of-homosexuality/,scientificamerican.com,17,No
17,are you born gay,https://www.osv.com/OSVNewsweekly/Article/TabId/535/ArtMID/13567/ArticleID/20540/New-study-refutes-LGBT-born-that-way-theory-transgender-labels-for-children.aspx,osv.com,18,No
18,are you born gay,https://pjmedia.com/trending/2016/08/23/johns-hopkins-research-no-evidence-people-are-born-gay-or-transgender/,pjmedia.com,19,No
0,islam mohammed,https://en.wikipedia.org/wiki/Muhammad,wikipedia.org,1,No
1,islam mohammed,https://en.wikipedia.org/wiki/Muhammad_in_Islam,wikipedia.org,2,No
2,islam mohammed,http://www.islam-guide.com/ch3-8.htm,islam-guide.com,3,No
3,islam mohammed,https://www.britannica.com/biography/Muhammad,britannica.com,4,No
4,islam mohammed,https://www.thereligionofpeace.com/pages/muhammad/life-of-muhammad.aspx,thereligionofpeace.com,5,No
5,islam mohammed,http://www.pbs.org/empires/islam/profilesmuhammed.html,pbs.org,6,No
6,islam mohammed,https://www.metmuseum.org/learn/educators/curriculum-resources/art-of-the-islamic-world/unit-one/the-prophet-muhammad-and-the-origins-of-islam,metmuseum.org,7,No
7,islam mohammed,http://www.bbc.co.uk/religion/religions/islam/history/muhammad_1.shtml,bbc.co.uk,8,No
8,islam mohammed,http://www.businessinsider.com/how-mohammed-islam-fooled-media-2014-12,businessinsider.com,9,No
9,islam mohammed,http://www.ushistory.org/civ/4i.asp,ushistory.org,10,No
10,islam mohammed,http://www.bibleprobe.com/muhammad.htm,bibleprobe.com,11,No
11,islam mohammed,http://www.cnn.com/2015/05/04/living/islam-prophet-images/index.html,cnn.com,12,No
12,islam mohammed,http://www.cnn.com/2015/01/07/living/islam-prophet-images/index.html,cnn.com,13,No
13,islam mohammed,https://quatr.us/history/mohammed-prophet-early-islamic-history.htm,quatr.us,14,No
14,islam mohammed,http://www.newadvent.org/cathen/10424a.htm,newadvent.org,15,No
15,islam mohammed,http://observer.com/2014/12/how-the-72-million-kid-duped-new-york-magazine/,observer.com,16,No
16,islam mohammed,https://www.linkedin.com/in/mohammedtislam,linkedin.com,17,No
17,islam mohammed,https://courses.lumenlearning.com/boundless-worldhistory/chapter/muhammad-and-the-rise-of-islam/,lumenlearning.com,18,No
18,islam mohammed,https://www.huffingtonpost.com/ian-mevorach/did-jesus-predict-muhammad_b_9762934.html,huffingtonpost.com,19,No
0,Black lives matter,https://blacklivesmatter.com/,blacklivesmatter.com,1,No
1,Black lives matter,https://blacklivesmatter.com/about/,blacklivesmatter.com,2,No
2,Black lives matter,https://en.wikipedia.org/wiki/Black_Lives_Matter,wikipedia.org,3,No
3,Black lives matter,https://www.facebook.com/BlackLivesMatter/,facebook.com,4,No
4,Black lives matter,https://twitter.com/hashtag/blacklivesmatter,twitter.com,5,No
5,Black lives matter,https://twitter.com/blklivesmatter?lang=en,twitter.com,6,No
6,Black lives matter,https://www.newstatesman.com/culture/music-theatre/2017/11/harry-styles-fans-black-lives-matter-signs,newstatesman.com,7,No
7,Black lives matter,https://policy.m4bl.org/platform/,m4bl.org,8,No
8,Black lives matter,https://www.theguardian.com/world/2015/jul/19/blacklivesmatter-birth-civil-rights-movement,theguardian.com,9,No
9,Black lives matter,https://www.washingtonpost.com/posteverything/wp/2015/08/24/i-was-a-civil-rights-activist-in-the-1960s-but-its-hard-for-me-to-get-behind-black-lives-matter/,washingtonpost.com,10,No
10,Black lives matter,https://celebrateblm.com/,celebrateblm.com,11,No
11,Black lives matter,https://www.nytimes.com/2017/10/21/opinion/sunday/black-lives-matter-leadership.html,nytimes.com,12,No
12,Black lives matter,https://www.wired.com/2015/10/how-black-lives-matter-uses-social-media-to-fight-the-power/,wired.com,13,No
13,Black lives matter,http://time.com/time-person-of-the-year-2015-runner-up-black-lives-matter/,time.com,14,No
14,Black lives matter,https://isreview.org/issue/96/black-lives-matter,isreview.org,15,No
15,Black lives matter,https://www.huffingtonpost.com/topic/black-lives-matter,huffingtonpost.com,16,No
16,Black lives matter,http://abcnews.go.com/topics/news/issues/black-lives-matter-protests.htm,go.com,17,No
17,Black lives matter,https://www.newyorker.com/magazine/2016/03/14/where-is-black-lives-matter-headed,newyorker.com,18,No
0,Where Obama was born,https://www.snopes.com/politics/obama/birthers/birthcertificate.asp,snopes.com,1,No
1,Where Obama was born,https://www.snopes.com/politics/obama/birthers/kenyacert.asp,snopes.com,2,No
2,Where Obama was born,http://www.factcheck.org/2008/08/born-in-the-usa/,factcheck.org,3,No
3,Where Obama was born,http://www.factcheck.org/issue/obamas-birth-certificate/,factcheck.org,4,No
4,Where Obama was born,https://en.wikipedia.org/wiki/Barack_Obama_citizenship_conspiracy_theories,wikipedia.org,5,No
5,Where Obama was born,http://www.cnn.com/2016/09/15/politics/donald-trump-obama-birther-united-states/index.html,cnn.com,6,No
6,Where Obama was born,http://www.bbc.com/news/election-us-2016-37381452,bbc.com,7,No
7,Where Obama was born,http://www.independent.co.uk/news/world/americas/barack-obama-half-brother-malik-kenya-birth-certificate-tweet-donald-trump-supporter-a7622346.html,independent.co.uk,8,No
8,Where Obama was born,https://www.usatoday.com/story/news/nation-now/2016/12/15/sheriff-joe-arpaio-probe-proves-obama-birth-certificate-fake/95500958/,usatoday.com,9,No
9,Where Obama was born,https://rationalwiki.org/wiki/Obama_citizenship_denial,rationalwiki.org,10,No
10,Where Obama was born,http://www.politifact.com/truth-o-meter/statements/2016/sep/16/donald-trump/full-flop-donald-trump-abandons-barack-obama-birth/,politifact.com,11,No
11,Where Obama was born,http://www.latimes.com/politics/la-na-pol-trump-birther-timeline-20160916-snap-htmlstory.html,latimes.com,12,No
12,Where Obama was born,https://www.thesun.co.uk/news/4823969/barack-obama-jokes-he-was-born-in-kenya-in-swipe-at-donald-trump-who-pushed-birther-conspiracy-that-he-not-natural-born-us-citizen/,thesun.co.uk,13,No
13,Where Obama was born,https://www.thesun.co.uk/news/3063752/barack-obamas-brother-posts-document-he-claims-is-ex-presidents-kenyan-birth-certificate/,thesun.co.uk,14,No
14,Where Obama was born,http://www.dailymail.co.uk/news/article-4299872/Malik-Obama-tweets-Barack-s-forged-birth-certificate.html,dailymail.co.uk,15,No
15,Where Obama was born,http://www.wnd.com/2016/12/evidence-obama-birth-certificate-fake-heading-to-congress/,wnd.com,16,No
16,Where Obama was born,https://www.nytimes.com/2016/09/17/us/politics/donald-trump-obama-birther.html,nytimes.com,17,No
17,Where Obama was born,http://time.com/4496792/birther-rumor-started/,time.com,18,No
18,Where Obama was born,https://www.politico.com/story/2016/09/birther-movement-founder-trump-clinton-228304,politico.com,19,No
19,Where Obama was born,https://www.npr.org/2016/09/16/494231757/without-apology-trump-now-says-obama-was-born-in-the-u-s,npr.org,20,No
0,gay people in military,https://en.wikipedia.org/wiki/Sexual_orientation_and_military_service,wikipedia.org,1,No
1,gay people in military,https://www.usni.org/news-and-features/dont-ask-dont-tell/timeline,usni.org,2,No
2,gay people in military,http://www.newsweek.com/trump-bans-transgenders-serving-military-642196,newsweek.com,3,No
3,gay people in military,https://williamsinstitute.law.ucla.edu/category/research/military-related/,ucla.edu,4,No
4,gay people in military,http://www.cnn.com/2017/07/26/politics/trump-military-transgender/index.html,cnn.com,5,No
5,gay people in military,https://www.urban.org/research/publication/gay-men-and-lesbians-us-military,urban.org,6,No
6,gay people in military,http://www.independent.co.uk/news/world/americas/us-politics/donald-trump-bans-transgender-people-us-military-army-chelsea-manning-lgbt-rights-gay-president-a7861196.html,independent.co.uk,7,No
7,gay people in military,https://www.nytimes.com/2017/07/27/us/politics/transgender-military-trump-ban.html,nytimes.com,8,No
8,gay people in military,https://www.theguardian.com/world/2011/sep/20/us-military-lifts-ban-gay-troops,theguardian.com,9,No
9,gay people in military,https://www.nbcnews.com/politics/donald-trump/trump-announces-ban-transgender-people-serving-military-n786621,nbcnews.com,10,No
10,gay people in military,http://www.rollingstone.com/culture/features/first-openly-gay-army-secretary-on-military-trans-ban-w494454,rollingstone.com,11,No
11,gay people in military,https://www.washingtonpost.com/news/monkey-cage/wp/2017/07/31/the-4-key-things-you-need-to-know-about-trumps-proposed-ban-on-transgender-military-service/,washingtonpost.com,12,No
12,gay people in military,https://www.huffingtonpost.com/entry/barney-frank-transgender-gay-troops_us_597a1ea2e4b02a8434b4d093,huffingtonpost.com,13,No
13,gay people in military,https://www.snopes.com/mike-pence-able-bodied/,snopes.com,14,No
14,gay people in military,https://www.snopes.com/2017/07/27/how-many-transgender-people-currently-serve-in-the-u-s-military/,snopes.com,15,No
15,gay people in military,https://www.buzzfeed.com/lanesainty/this-is-what-it-was-like-to-be-gay-in-the-military-before,buzzfeed.com,16,No
16,gay people in military,http://www.debate.org/opinions/should-gay-people-be-allowed-in-the-military,debate.org,17,No
17,gay people in military,https://www.thebalance.com/policy-concerning-homosexuals-us-military-3347134,thebalance.com,18,No
18,gay people in military,http://www.slate.com/blogs/outward/2017/02/10/the_military_s_gay_ban_is_a_cautionary_tale_for_trump_s_national_security.html,slate.com,19,No
0,Confederate statues taken down,https://www.nytimes.com/interactive/2017/08/16/us/confederate-monuments-removed.html,nytimes.com,1,No
1,Confederate statues taken down,http://www.cnn.com/2017/08/15/us/confederate-memorial-removal-us-trnd/index.html,cnn.com,2,No
2,Confederate statues taken down,http://www.foxnews.com/us/2017/10/18/which-confederate-statues-were-removed-running-list.html,foxnews.com,3,No
3,Confederate statues taken down,http://abc7.com/politics/confederate-statues-fate-in-wake-of-charlottesville-violence/2313602/,abc7.com,4,No
4,Confederate statues taken down,https://www.vox.com/identities/2017/8/16/16151252/confederate-statues-white-supremacists,vox.com,5,No
5,Confederate statues taken down,https://www.theatlantic.com/politics/archive/2017/08/take-the-statues-down/536727/,theatlantic.com,6,No
6,Confederate statues taken down,https://en.wikipedia.org/wiki/Removal_of_Confederate_monuments_and_memorials,wikipedia.org,7,No
7,Confederate statues taken down,http://www.telegraph.co.uk/news/2017/08/17/confederate-monuments-removed-vandalised-across-us-baltimore/,telegraph.co.uk,8,No
8,Confederate statues taken down,https://www.reuters.com/article/us-virginia-protests-statues-idUSKCN1AV0XE,reuters.com,9,No
9,Confederate statues taken down,https://www.theguardian.com/us-news/2017/aug/16/baltimore-takes-down-confederate-statues-in-middle-of-night,theguardian.com,10,No
10,Confederate statues taken down,http://time.com/4904679/confederate-monument-removal/,time.com,11,No
11,Confederate statues taken down,https://www.washingtonpost.com/news/grade-point/wp/2017/08/21/university-of-texas-takes-down-four-confederate-statues-overnight/,washingtonpost.com,12,No
12,Confederate statues taken down,http://nymag.com/daily/intelligencer/2017/08/running-list-of-confederate-monuments-that-have-been-removed.html,nymag.com,13,No
13,Confederate statues taken down,http://www.newsweek.com/where-do-confederate-statues-go-when-theyre-removed-650698,newsweek.com,14,No
14,Confederate statues taken down,http://www.newsweek.com/confederate-monuments-removed-overnight-baltimore-651350,newsweek.com,15,No
15,Confederate statues taken down,https://www.theguardian.com/us-news/gallery/2017/aug/15/confederate-statues-removed-across-southern-us-states-in-pictures,theguardian.com,16,No
16,Confederate statues taken down,http://www.aljazeera.com/indepth/features/2017/08/confederate-statues-debate-170821104705027.html,aljazeera.com,17,No
17,Confederate statues taken down,http://www.townandcountrymag.com/society/politics/a12026898/confederate-statues-being-removed/,townandcountrymag.com,18,No
18,Confederate statues taken down,http://www.bbc.com/news/world-us-canada-40966800,bbc.com,19,No
19,Confederate statues taken down,https://www.voanews.com/a/confederate-monuments-removed/4031575.html,voanews.com,20,No
0,White and slavery in US,http://www.slate.com/articles/news_and_politics/history/2015/09/slavery_myths_seven_lies_half_truths_and_irrelevancies_people_trot_out_about.html,slate.com,1,No
1,White and slavery in US,https://en.wikipedia.org/wiki/Slavery_in_the_United_States,wikipedia.org,2,No
2,White and slavery in US,https://en.wikipedia.org/wiki/White_slavery,wikipedia.org,3,No
3,White and slavery in US,https://www.snopes.com/irish-slaves-early-america/,snopes.com,4,No
4,White and slavery in US,http://www.history.com/news/history-lists/5-myths-about-slavery,history.com,5,Yes
5,White and slavery in US,http://www.history.com/topics/black-history/slavery,history.com,6,Yes
6,White and slavery in US,https://www.vice.com/en_us/article/ppzevg/hey-v12n5,vice.com,7,No
7,White and slavery in US,https://www.nytimes.com/2017/03/17/us/irish-slaves-myth.html,nytimes.com,8,No
8,White and slavery in US,https://www.splcenter.org/hatewatch/2016/04/19/how-myth-irish-slaves-became-favorite-meme-racists-online,splcenter.org,9,No
9,White and slavery in US,https://www.amazon.com/White-Cargo-Forgotten-History-Britains/dp/0814742963,amazon.com,10,No
10,White and slavery in US,http://www.pbs.org/wnet/slavery/experience/gender/history2.html,pbs.org,11,No
11,White and slavery in US,http://www.pbs.org/wnet/slavery/experience/religion/history2.html,pbs.org,12,No
12,White and slavery in US,https://pictorial.jezebel.com/lets-squash-the-myth-that-the-irish-were-ever-american-1765491798,jezebel.com,13,No
13,White and slavery in US,http://www.theroot.com/did-black-people-own-slaves-1790895436,theroot.com,14,No
14,White and slavery in US,http://www.newsweek.com/slavery-america-popular-misconceptions-627229,newsweek.com,15,No
15,White and slavery in US,http://www.politifact.com/punditfact/statements/2017/aug/24/viral-image/viral-post-gets-it-wrong-extent-slavery-1860/,politifact.com,16,No
16,White and slavery in US,http://teachinghistory.org/history-content/ask-a-historian/25577,teachinghistory.org,17,No
17,White and slavery in US,https://sharondraper.com/timeline.pdf,sharondraper.com,18,No
18,White and slavery in US,https://www.globalresearch.ca/the-irish-slave-trade-the-forgotten-white-slaves/31076,globalresearch.ca,19,No
0,Percentage of minorities in US,https://www.usnews.com/news/articles/2015/07/06/its-official-the-us-is-becoming-a-minority-majority-nation,usnews.com,1,No
1,Percentage of minorities in US,https://en.wikipedia.org/wiki/Race_and_ethnicity_in_the_United_States,wikipedia.org,2,No
2,Percentage of minorities in US,https://www.census.gov/quickfacts/fact/table/US/PST045216,census.gov,3,No
3,Percentage of minorities in US,https://www.usnews.com/news/articles/2015/07/06/its-official-the-us-is-becoming-a-minority-majority-nation,usnews.com,4,No
4,Percentage of minorities in US,https://www.npr.org/sections/thetwo-way/2017/06/22/533926978/census-finds-a-more-diverse-america-as-whites-lag-growth,npr.org,5,No
5,Percentage of minorities in US,https://www.statista.com/statistics/270272/percentage-of-us-population-by-ethnicities/,statista.com,6,No
6,Percentage of minorities in US,http://news.gallup.com/poll/4435/public-overestimates-us-black-hispanic-populations.aspx,gallup.com,7,No
7,Percentage of minorities in US,https://www.kff.org/other/state-indicator/distribution-by-raceethnicity/,kff.org,8,No
8,Percentage of minorities in US,http://www.pewresearch.org/fact-tank/2017/04/13/6-facts-about-the-u-s-military-and-its-changing-demographics/,pewresearch.org,9,No
9,Percentage of minorities in US,https://www.bostonglobe.com/news/politics/2016/02/26/when-will-minorities-majority/9v5m1Jj8hdGcXvpXtbQT5I/story.html,bostonglobe.com,10,No
10,Percentage of minorities in US,http://time.com/3934092/us-population-diversity-census/,time.com,11,No
11,Percentage of minorities in US,https://www.infoplease.com/us/comprehensive-census-data-state/demographic-statistics-342,infoplease.com,12,No
12,Percentage of minorities in US,https://www.cbsnews.com/news/u-s-minorities-increasingly-in-the-majority/,cbsnews.com,13,No
13,Percentage of minorities in US,https://www.kff.org/other/state-indicator/poverty-rate-by-raceethnicity/,kff.org,14,No
14,Percentage of minorities in US,https://www.bop.gov/about/statistics/statistics_inmate_race.jsp,bop.gov,15,No
15,Percentage of minorities in US,http://www.pewforum.org/religious-landscape-study/racial-and-ethnic-composition/,pewforum.org,16,No
16,Percentage of minorities in US,http://www.cleveland.com/datacentral/index.ssf/2016/06/minority_share_of_us_populatio.html,cleveland.com,17,No
17,Percentage of minorities in US,https://nces.ed.gov/programs/coe/indicator_cge.asp,ed.gov,18,No
18,Percentage of minorities in US,https://www.bls.gov/opub/reports/race-and-ethnicity/archive/labor-force-characteristics-by-race-and-ethnicity-2014.pdf,bls.gov,19,No
19,Percentage of minorities in US,http://minoritynurse.com/nursing-statistics/,minoritynurse.com,20,No
20,Percentage of minorities in US,https://www.pbs.org/newshour/nation/white-christians-now-minority-u-s-population-survey-says,pbs.org,21,No
